{
    "Lecture Hall A": {
        "type": "Lecture",
        "fixed_to": "A"
    },
    "Lecture Hall B": {
        "type": "Lecture",
        "fixed_to": "B"
    },
    "Lecture Hall C": {
        "type": "Lecture",
        "fixed_to": "C"
    },
    "Lab 1": {
        "type": "Lab",
        "fixed_to": null
    },
    "Lab 2": {
        "type": "Lab",
        "fixed_to": null
    },
    "Computer Lab": {
        "type": "Lab",
        "fixed_to": null
    },
    "Physics Lab": {
        "type": "Lab",
        "fixed_to": null
    },
    "Seminar Room": {
        "type": "Lab",
        "fixed_to": null
    }
}