[
    {
        "timestamp": "2025-12-09T17:48:14.331746",
        "type": "Warning",
        "msg": "Loud Noise Detected",
        "zone": "Corridor"
    },
    {
        "timestamp": "2025-12-09T17:48:14.806664",
        "type": "Warning",
        "msg": "Loud Noise Detected",
        "zone": "Corridor"
    },
    {
        "timestamp": "2025-12-09T17:48:14.811817",
        "type": "Warning",
        "msg": "Loud Noise Detected",
        "zone": "Door"
    },
    {
        "timestamp": "2025-12-09T17:48:15.303087",
        "type": "Warning",
        "msg": "Loud Noise Detected",
        "zone": "Door"
    },
    {
        "timestamp": "2025-12-09T17:48:15.356806",
        "type": "Warning",
        "msg": "Loud Noise Detected",
        "zone": "Lecture Hall"
    },
    {
        "timestamp": "2025-12-09T17:48:16.963034",
        "type": "Warning",
        "msg": "Loud Noise Detected",
        "zone": "Lecture Hall"
    },
    {
        "timestamp": "2025-12-09T17:48:16.994291",
        "type": "Warning",
        "msg": "Loud Noise Detected",
        "zone": "Canteen"
    },
    {
        "timestamp": "2025-12-09T17:48:17.563330",
        "type": "Warning",
        "msg": "Loud Noise Detected",
        "zone": "Canteen"
    },
    {
        "timestamp": "2025-12-09T17:48:17.569945",
        "type": "Warning",
        "msg": "Loud Noise Detected",
        "zone": "Corridor"
    },
    {
        "timestamp": "2025-12-09T17:49:04.198707",
        "type": "Warning",
        "msg": "Loud Noise Detected",
        "zone": "ecture Hall"
    },
    {
        "timestamp": "2025-12-09T17:49:07.633749",
        "type": "Warning",
        "msg": "Loud Noise Detected",
        "zone": "ecture Hall"
    },
    {
        "timestamp": "2025-12-09T17:49:07.647963",
        "type": "Warning",
        "msg": "Loud Noise Detected",
        "zone": "Canteen"
    },
    {
        "timestamp": "2025-12-09T17:49:08.627072",
        "type": "Warning",
        "msg": "Loud Noise Detected",
        "zone": "Canteen"
    },
    {
        "timestamp": "2025-12-09T17:49:08.630611",
        "type": "Warning",
        "msg": "Loud Noise Detected",
        "zone": "Corridor"
    },
    {
        "timestamp": "2025-12-09T17:49:09.185503",
        "type": "Warning",
        "msg": "Loud Noise Detected",
        "zone": "Corridor"
    },
    {
        "timestamp": "2025-12-09T17:49:09.195639",
        "type": "Warning",
        "msg": "Loud Noise Detected",
        "zone": "Door"
    },
    {
        "timestamp": "2025-12-09T17:49:09.824704",
        "type": "Warning",
        "msg": "Loud Noise Detected",
        "zone": "Door"
    },
    {
        "timestamp": "2025-12-09T17:49:11.484795",
        "type": "Warning",
        "msg": "Loud Noise Detected",
        "zone": "ecture Hall"
    },
    {
        "timestamp": "2025-12-09T17:49:13.492568",
        "type": "Warning",
        "msg": "Loud Noise Detected",
        "zone": "ecture Hall"
    },
    {
        "timestamp": "2025-12-09T17:49:13.511005",
        "type": "Warning",
        "msg": "Loud Noise Detected",
        "zone": "Canteen"
    },
    {
        "timestamp": "2025-12-09T17:49:14.173465",
        "type": "Warning",
        "msg": "Loud Noise Detected",
        "zone": "Canteen"
    },
    {
        "timestamp": "2025-12-09T17:49:14.178480",
        "type": "Warning",
        "msg": "Loud Noise Detected",
        "zone": "Corridor"
    },
    {
        "timestamp": "2025-12-09T17:49:14.644074",
        "type": "Warning",
        "msg": "Loud Noise Detected",
        "zone": "Corridor"
    },
    {
        "timestamp": "2025-12-09T17:49:14.651652",
        "type": "Warning",
        "msg": "Loud Noise Detected",
        "zone": "Door"
    },
    {
        "timestamp": "2025-12-09T17:49:15.158759",
        "type": "Warning",
        "msg": "Loud Noise Detected",
        "zone": "Door"
    },
    {
        "timestamp": "2025-12-09T17:49:15.259105",
        "type": "Warning",
        "msg": "Loud Noise Detected",
        "zone": "ecture Hall"
    },
    {
        "timestamp": "2025-12-09T17:49:17.215532",
        "type": "Warning",
        "msg": "Loud Noise Detected",
        "zone": "ecture Hall"
    },
    {
        "timestamp": "2025-12-09T17:49:17.239033",
        "type": "Warning",
        "msg": "Loud Noise Detected",
        "zone": "Canteen"
    },
    {
        "timestamp": "2025-12-09T17:49:17.796906",
        "type": "Warning",
        "msg": "Loud Noise Detected",
        "zone": "Canteen"
    },
    {
        "timestamp": "2025-12-09T17:49:17.803705",
        "type": "Warning",
        "msg": "Loud Noise Detected",
        "zone": "Corridor"
    },
    {
        "timestamp": "2025-12-09T17:49:18.341785",
        "type": "Warning",
        "msg": "Loud Noise Detected",
        "zone": "Corridor"
    },
    {
        "timestamp": "2025-12-09T17:49:18.346676",
        "type": "Warning",
        "msg": "Loud Noise Detected",
        "zone": "Door"
    },
    {
        "timestamp": "2025-12-09T17:49:18.864881",
        "type": "Warning",
        "msg": "Loud Noise Detected",
        "zone": "Door"
    },
    {
        "timestamp": "2025-12-09T17:49:19.057477",
        "type": "Warning",
        "msg": "Loud Noise Detected",
        "zone": "ecture Hall"
    },
    {
        "timestamp": "2025-12-09T17:49:20.441969",
        "type": "Warning",
        "msg": "Loud Noise Detected",
        "zone": "ecture Hall"
    },
    {
        "timestamp": "2025-12-09T17:49:20.474941",
        "type": "Warning",
        "msg": "Loud Noise Detected",
        "zone": "Canteen"
    },
    {
        "timestamp": "2025-12-09T17:49:21.239984",
        "type": "Warning",
        "msg": "Loud Noise Detected",
        "zone": "Canteen"
    },
    {
        "timestamp": "2025-12-09T17:49:21.245456",
        "type": "Warning",
        "msg": "Loud Noise Detected",
        "zone": "Corridor"
    },
    {
        "timestamp": "2025-12-09T17:49:22.005219",
        "type": "Warning",
        "msg": "Loud Noise Detected",
        "zone": "Corridor"
    },
    {
        "timestamp": "2025-12-09T17:49:22.015709",
        "type": "Warning",
        "msg": "Loud Noise Detected",
        "zone": "Door"
    },
    {
        "timestamp": "2025-12-09T17:49:22.553596",
        "type": "Warning",
        "msg": "Loud Noise Detected",
        "zone": "Door"
    },
    {
        "timestamp": "2025-12-09T17:49:22.615841",
        "type": "Warning",
        "msg": "Loud Noise Detected",
        "zone": "ecture Hall"
    },
    {
        "timestamp": "2025-12-09T17:49:24.173980",
        "type": "Warning",
        "msg": "Loud Noise Detected",
        "zone": "ecture Hall"
    },
    {
        "timestamp": "2025-12-09T17:49:24.193931",
        "type": "Warning",
        "msg": "Loud Noise Detected",
        "zone": "Canteen"
    },
    {
        "timestamp": "2025-12-09T17:49:24.869607",
        "type": "Warning",
        "msg": "Loud Noise Detected",
        "zone": "Canteen"
    },
    {
        "timestamp": "2025-12-09T17:49:24.874886",
        "type": "Warning",
        "msg": "Loud Noise Detected",
        "zone": "Corridor"
    },
    {
        "timestamp": "2025-12-09T17:49:25.377780",
        "type": "Warning",
        "msg": "Loud Noise Detected",
        "zone": "Corridor"
    },
    {
        "timestamp": "2025-12-09T17:49:25.383647",
        "type": "Warning",
        "msg": "Loud Noise Detected",
        "zone": "Door"
    },
    {
        "timestamp": "2025-12-09T17:49:25.905543",
        "type": "Warning",
        "msg": "Loud Noise Detected",
        "zone": "Door"
    },
    {
        "timestamp": "2025-12-09T17:49:27.629216",
        "type": "Warning",
        "msg": "Loud Noise Detected",
        "zone": "ecture Hall"
    },
    {
        "timestamp": "2025-12-09T17:49:27.650458",
        "type": "Warning",
        "msg": "Loud Noise Detected",
        "zone": "Canteen"
    },
    {
        "timestamp": "2025-12-09T17:49:28.235107",
        "type": "Warning",
        "msg": "Loud Noise Detected",
        "zone": "Canteen"
    },
    {
        "timestamp": "2025-12-09T17:49:28.240608",
        "type": "Warning",
        "msg": "Loud Noise Detected",
        "zone": "Corridor"
    },
    {
        "timestamp": "2025-12-09T17:49:28.731372",
        "type": "Warning",
        "msg": "Loud Noise Detected",
        "zone": "Corridor"
    },
    {
        "timestamp": "2025-12-09T17:49:28.736619",
        "type": "Warning",
        "msg": "Loud Noise Detected",
        "zone": "Door"
    },
    {
        "timestamp": "2025-12-09T17:49:29.250018",
        "type": "Warning",
        "msg": "Loud Noise Detected",
        "zone": "Door"
    },
    {
        "timestamp": "2025-12-09T17:49:29.308592",
        "type": "Warning",
        "msg": "Loud Noise Detected",
        "zone": "ecture Hall"
    },
    {
        "timestamp": "2025-12-09T17:49:30.637203",
        "type": "Warning",
        "msg": "Loud Noise Detected",
        "zone": "ecture Hall"
    },
    {
        "timestamp": "2025-12-09T17:49:30.664046",
        "type": "Warning",
        "msg": "Loud Noise Detected",
        "zone": "Canteen"
    },
    {
        "timestamp": "2025-12-09T17:49:31.369918",
        "type": "Warning",
        "msg": "Loud Noise Detected",
        "zone": "Canteen"
    },
    {
        "timestamp": "2025-12-09T17:49:31.375555",
        "type": "Warning",
        "msg": "Loud Noise Detected",
        "zone": "Corridor"
    },
    {
        "timestamp": "2025-12-09T17:49:32.230428",
        "type": "Warning",
        "msg": "Loud Noise Detected",
        "zone": "Corridor"
    },
    {
        "timestamp": "2025-12-09T17:49:32.243132",
        "type": "Warning",
        "msg": "Loud Noise Detected",
        "zone": "Door"
    },
    {
        "timestamp": "2025-12-09T17:49:32.904529",
        "type": "Warning",
        "msg": "Loud Noise Detected",
        "zone": "Door"
    },
    {
        "timestamp": "2025-12-09T17:49:32.957396",
        "type": "Warning",
        "msg": "Loud Noise Detected",
        "zone": "ecture Hall"
    },
    {
        "timestamp": "2025-12-09T17:49:34.442072",
        "type": "Warning",
        "msg": "Loud Noise Detected",
        "zone": "ecture Hall"
    },
    {
        "timestamp": "2025-12-09T17:49:34.457866",
        "type": "Warning",
        "msg": "Loud Noise Detected",
        "zone": "Canteen"
    },
    {
        "timestamp": "2025-12-09T17:49:35.010955",
        "type": "Warning",
        "msg": "Loud Noise Detected",
        "zone": "Canteen"
    },
    {
        "timestamp": "2025-12-09T17:49:35.015743",
        "type": "Warning",
        "msg": "Loud Noise Detected",
        "zone": "Corridor"
    },
    {
        "timestamp": "2025-12-09T17:49:35.483253",
        "type": "Warning",
        "msg": "Loud Noise Detected",
        "zone": "Corridor"
    },
    {
        "timestamp": "2025-12-09T17:49:35.488188",
        "type": "Warning",
        "msg": "Loud Noise Detected",
        "zone": "Door"
    },
    {
        "timestamp": "2025-12-09T17:49:35.921021",
        "type": "Warning",
        "msg": "Loud Noise Detected",
        "zone": "Door"
    },
    {
        "timestamp": "2025-12-09T17:49:35.967206",
        "type": "Warning",
        "msg": "Loud Noise Detected",
        "zone": "ecture Hall"
    },
    {
        "timestamp": "2025-12-09T17:49:37.698560",
        "type": "Warning",
        "msg": "Loud Noise Detected",
        "zone": "ecture Hall"
    },
    {
        "timestamp": "2025-12-09T17:49:37.733764",
        "type": "Warning",
        "msg": "Loud Noise Detected",
        "zone": "Canteen"
    },
    {
        "timestamp": "2025-12-09T17:49:38.389494",
        "type": "Warning",
        "msg": "Loud Noise Detected",
        "zone": "Canteen"
    },
    {
        "timestamp": "2025-12-09T17:49:38.394591",
        "type": "Warning",
        "msg": "Loud Noise Detected",
        "zone": "Corridor"
    },
    {
        "timestamp": "2025-12-09T17:49:38.897433",
        "type": "Warning",
        "msg": "Loud Noise Detected",
        "zone": "Corridor"
    },
    {
        "timestamp": "2025-12-09T17:49:38.903184",
        "type": "Warning",
        "msg": "Loud Noise Detected",
        "zone": "Door"
    },
    {
        "timestamp": "2025-12-09T17:49:39.359385",
        "type": "Warning",
        "msg": "Loud Noise Detected",
        "zone": "Door"
    },
    {
        "timestamp": "2025-12-09T17:49:39.406670",
        "type": "Warning",
        "msg": "Loud Noise Detected",
        "zone": "ecture Hall"
    },
    {
        "timestamp": "2025-12-09T17:49:40.770848",
        "type": "Warning",
        "msg": "Loud Noise Detected",
        "zone": "ecture Hall"
    },
    {
        "timestamp": "2025-12-09T17:49:40.791304",
        "type": "Warning",
        "msg": "Loud Noise Detected",
        "zone": "Canteen"
    },
    {
        "timestamp": "2025-12-09T17:49:42.732224",
        "type": "Warning",
        "msg": "Loud Noise Detected",
        "zone": "Door"
    },
    {
        "timestamp": "2025-12-09T17:49:43.391072",
        "type": "Warning",
        "msg": "Loud Noise Detected",
        "zone": "Door"
    },
    {
        "timestamp": "2025-12-09T17:49:43.437686",
        "type": "Warning",
        "msg": "Loud Noise Detected",
        "zone": "ecture Hall"
    },
    {
        "timestamp": "2025-12-09T17:49:45.243948",
        "type": "Warning",
        "msg": "Loud Noise Detected",
        "zone": "ecture Hall"
    },
    {
        "timestamp": "2025-12-09T17:49:45.268201",
        "type": "Warning",
        "msg": "Loud Noise Detected",
        "zone": "Canteen"
    },
    {
        "timestamp": "2025-12-09T17:49:45.945084",
        "type": "Warning",
        "msg": "Loud Noise Detected",
        "zone": "Canteen"
    },
    {
        "timestamp": "2025-12-09T17:49:45.950816",
        "type": "Warning",
        "msg": "Loud Noise Detected",
        "zone": "Corridor"
    },
    {
        "timestamp": "2025-12-09T17:49:46.459174",
        "type": "Warning",
        "msg": "Loud Noise Detected",
        "zone": "Corridor"
    },
    {
        "timestamp": "2025-12-09T17:49:46.464440",
        "type": "Warning",
        "msg": "Loud Noise Detected",
        "zone": "Door"
    },
    {
        "timestamp": "2025-12-09T17:49:47.161788",
        "type": "Warning",
        "msg": "Loud Noise Detected",
        "zone": "Door"
    },
    {
        "timestamp": "2025-12-09T17:49:47.203588",
        "type": "Warning",
        "msg": "Loud Noise Detected",
        "zone": "ecture Hall"
    },
    {
        "timestamp": "2025-12-09T17:49:49.132607",
        "type": "Warning",
        "msg": "Loud Noise Detected",
        "zone": "ecture Hall"
    },
    {
        "timestamp": "2025-12-09T17:49:49.159369",
        "type": "Warning",
        "msg": "Loud Noise Detected",
        "zone": "Canteen"
    },
    {
        "timestamp": "2025-12-09T17:49:49.800906",
        "type": "Warning",
        "msg": "Loud Noise Detected",
        "zone": "Canteen"
    },
    {
        "timestamp": "2025-12-09T17:49:49.805782",
        "type": "Warning",
        "msg": "Loud Noise Detected",
        "zone": "Corridor"
    },
    {
        "timestamp": "2025-12-09T17:49:50.291284",
        "type": "Warning",
        "msg": "Loud Noise Detected",
        "zone": "Corridor"
    },
    {
        "timestamp": "2025-12-09T17:49:50.295871",
        "type": "Warning",
        "msg": "Loud Noise Detected",
        "zone": "Door"
    }
]